category_name,original_file_name,original_file_row_id
top,train,1
top,train,4
top,train,10
top,train,17
top,train,26
top,train,48
top,train,61
top,train,64
top,train,66
top,train,67
top,train,101
top,train,149
top,train,154
top,train,160
top,train,169
top,train,171
top,train,176
top,train,180
top,train,186
top,train,191
top,train,219
top,train,222
top,train,225
top,train,237
top,train,269
top,train,272
top,train,302
top,train,304
top,train,321
top,train,329
top,train,331
top,train,338
top,train,354
top,train,377
top,train,383
top,train,392
top,train,415
top,train,441
top,train,444
top,train,445
top,train,448
top,train,489
top,train,493
top,train,504
top,train,519
top,train,524
top,train,530
top,train,564
top,train,565
top,train,591
top,train,592
top,train,600
top,train,601
top,train,639
top,train,640
top,train,641
top,train,645
top,train,662
top,train,665
top,train,678
top,train,712
top,train,715
top,train,716
top,train,732
top,train,741
top,train,745
top,train,771
top,train,780
top,train,789
top,train,791
top,train,808
top,train,812
top,train,815
top,train,816
top,train,823
top,train,825
top,train,829
top,train,830
top,train,839
top,train,877
top,train,880
top,train,893
top,train,905
top,train,910
top,train,942
top,train,950
top,train,965
top,train,967
top,train,972
top,train,1005
top,train,1013
top,train,1041
top,train,1056
top,train,1073
top,train,1084
top,train,1098
top,train,1103
top,train,1104
top,train,1155
top,train,1158
top,train,1169
top,train,1170
top,train,1202
top,train,1218
top,train,1228
top,train,1264
top,train,1288
top,train,1301
top,train,1303
top,train,1311
top,train,1325
top,train,1327
top,train,1329
top,train,1410
top,train,1420
top,train,1424
top,train,1430
top,train,1460
top,train,1473
top,train,1479
top,train,1503
top,train,1516
top,train,1526
top,train,1536
top,train,1547
top,train,1560
top,train,1589
top,train,1590
top,train,1599
top,train,1603
top,train,1608
top,train,1622
top,train,1647
top,train,1681
top,train,1682
top,train,1698
top,train,1727
top,train,1731
top,train,1737
top,train,1791
top,train,1800
top,train,1815
top,train,1837
top,train,1843
top,train,1846
top,train,1850
top,train,1861
top,train,1884
top,train,1895
top,train,1897
top,train,1907
top,train,1912
top,train,1929
top,train,1942
top,train,1950
top,train,1956
top,train,1989
top,train,2027
top,train,2041
top,train,2049
top,train,2052
top,train,2058
top,train,2060
top,train,2070
top,train,2099
top,train,2105
top,train,2118
top,train,2127
top,train,2133
top,train,2159
top,train,2167
top,train,2189
top,train,2190
top,train,2198
top,train,2213
top,train,2238
top,train,2266
top,train,2286
top,train,2289
top,train,2300
top,train,2303
top,train,2307
top,train,2310
top,train,2315
top,train,2334
top,train,2350
top,train,2363
top,train,2367
top,train,2372
top,train,2374
top,train,2389
top,train,2402
top,train,2410
top,train,2420
top,train,2423
top,train,2426
top,train,2428
top,train,2437
top,train,2439
top,train,2459
top,train,2471
top,train,2479
top,train,2526
top,train,2582
top,train,2594
top,train,2601
top,train,2615
top,train,2639
top,train,2695
top,train,2698
top,train,2707
top,train,2712
top,train,2730
top,train,2741
top,train,2745
top,train,2753
top,train,2772
top,train,2795
top,train,2809
top,train,2832
top,train,2875
top,train,2887
top,train,2896
top,train,2911
top,train,2938
top,train,2944
top,train,2960
top,train,2962
top,train,2984
top,train,2994
top,train,3009
top,train,3041
top,train,3048
top,train,3050
top,train,3064
top,train,3070
top,train,3076
top,train,3078
top,train,3086
top,train,3090
top,train,3128
top,train,3130
top,train,3154
top,train,3155
top,train,3197
top,train,3205
top,train,3219
top,train,3221
top,train,3227
top,train,3237
top,train,3242
top,train,3305
top,train,3325
top,train,3326
top,train,3333
top,train,3340
top,train,3345
top,train,3358
top,train,3373
top,train,3375
top,train,3379
top,train,3405
top,train,3416
top,train,3432
top,train,3440
top,train,3470
top,train,3472
top,train,3485
top,train,3499
top,train,3512
top,train,3524
top,train,3534
top,train,3543
top,train,3548
top,train,3553
top,train,3560
top,train,3564
top,train,3592
top,train,3620
top,train,3637
top,train,3644
top,train,3655
top,train,3667
top,train,3674
top,train,3679
top,train,3686
top,train,3717
top,train,3743
top,train,3745
top,train,3759
top,train,3761
top,train,3767
top,train,3777
top,train,3791
top,train,3815
top,train,3829
top,train,3832
top,train,3864
top,train,3865
top,train,3874
top,train,3903
top,train,3906
top,train,3915
top,train,3922
top,train,3948
top,train,3952
top,train,3964
top,train,3966
top,train,3968
top,train,3980
top,train,3991
top,train,3992
top,train,4012
top,train,4048
top,train,4052
top,train,4057
top,train,4061
top,train,4125
top,train,4129
top,train,4134
top,train,4138
top,train,4177
top,train,4210
top,train,4224
top,train,4261
top,train,4274
top,train,4283
top,train,4322
top,train,4325
top,train,4330
top,train,4340
top,train,4363
top,train,4380
top,train,4388
top,train,4390
top,train,4455
top,train,4461
top,train,4492
top,train,4499
top,train,4511
top,train,4544
top,train,4546
top,train,4558
top,train,4575
top,train,4581
top,train,4585
top,train,4611
top,train,4621
top,train,4634
top,train,4648
top,train,4681
top,train,4684
top,train,4685
top,train,4691
top,train,4695
top,train,4703
top,train,4704
top,train,4712
top,train,4718
top,train,4724
top,train,4743
top,train,4766
top,train,4784
top,train,4796
top,train,4817
top,train,4818
top,train,4821
top,train,4835
top,train,4839
top,train,4847
top,train,4853
top,train,4862
top,train,4868
top,train,4871
top,train,4879
top,train,4884
top,train,4932
top,train,4946
top,train,4947
top,train,4971
top,train,5001
top,train,5028
top,train,5045
top,train,5051
top,train,5070
top,train,5074
top,train,5094
top,train,5099
top,train,5114
top,train,5119
top,train,5138
top,train,5141
top,train,5175
top,train,5178
top,train,5196
top,train,5200
top,train,5202
top,train,5235
top,train,5254
top,train,5265
top,train,5266
top,train,5268
top,train,5272
top,train,5290
top,train,5298
top,train,5309
top,train,5320
top,train,5329
top,train,5353
top,train,5357
top,train,5358
top,train,5365
top,train,5374
top,train,5397
top,train,5400
top,train,5401
top,train,5402
top,train,5412
top,train,5433
top,train,5444
top,train,5473
top,train,5480
top,train,5485
top,train,5511
top,train,5534
top,train,5546
top,train,5561
top,train,5563
top,train,5585
top,train,5617
top,train,5628
top,train,5662
top,train,5683
top,train,5702
top,train,5726
top,train,5733
top,train,5737
top,train,5743
top,train,5745
top,train,5751
top,train,5758
top,train,5774
top,train,5785
top,train,5792
top,train,5802
top,train,5803
top,train,5812
top,train,5838
top,train,5863
top,train,5870
top,train,5889
top,train,5894
top,train,5914
top,train,5918
top,train,5933
top,train,5964
top,train,5971
top,train,5990
top,train,5991
top,train,5994
top,train,5999
top,train,6013
top,train,6044
top,train,6054
top,train,6062
top,train,6078
top,train,6083
top,train,6085
top,train,6106
top,train,6153
top,train,6165
top,train,6175
top,train,6186
top,train,6191
top,train,6207
top,train,6217
top,train,6239
top,train,6244
top,train,6251
top,train,6253
top,train,6284
top,train,6290
top,train,6298
top,train,6309
top,train,6310
top,train,6311
top,train,6316
top,train,6322
top,train,6343
top,train,6366
top,train,6373
top,train,6390
top,train,6395
top,train,6398
top,train,6410
top,train,6417
top,train,6419
top,train,6421
top,train,6434
top,train,6470
top,train,6473
top,train,6482
top,train,6488
top,train,6502
top,train,6527
top,train,6530
top,train,6544
top,train,6563
top,train,6574
top,train,6592
top,train,6595
top,train,6613
top,train,6623
top,train,6639
top,train,6653
top,train,6660
top,train,6663
top,train,6678
top,train,6686
top,train,6717
top,train,6732
top,train,6733
top,train,6737
top,train,6746
top,train,6747
top,train,6751
top,train,6753
top,train,6757
top,train,6787
top,train,6808
top,train,6822
top,train,6824
top,train,6829
top,train,6836
top,train,6865
top,train,6892
top,train,6918
top,train,6956
top,train,6969
top,train,6982
top,train,7001
top,train,7005
top,train,7010
top,train,7012
top,train,7014
top,train,7061
top,train,7064
top,train,7071
top,train,7078
top,train,7086
top,train,7125
top,train,7129
top,train,7130
top,train,7145
top,train,7199
top,train,7200
top,train,7201
top,train,7202
top,train,7205
top,train,7220
top,train,7223
top,train,7242
top,train,7263
top,train,7265
top,train,7276
top,train,7289
top,train,7290
top,train,7293
top,train,7299
top,train,7303
top,train,7306
top,train,7320
top,train,7321
top,train,7334
top,train,7336
top,train,7343
top,train,7374
top,train,7382
top,train,7390
top,train,7395
top,train,7403
top,train,7416
top,train,7426
top,train,7444
top,train,7450
top,train,7457
top,train,7465
top,train,7484
top,train,7499
top,train,7513
top,train,7534
top,train,7551
top,train,7567
top,train,7601
top,train,7602
top,train,7606
top,train,7616
top,train,7651
top,train,7655
top,train,7667
top,train,7680
top,train,7725
top,train,7734
top,train,7737
top,train,7768
top,train,7781
top,train,7783
top,train,7803
top,train,7814
top,train,7901
top,train,7939
top,train,7941
top,train,7944
top,train,7958
top,train,7961
top,train,7979
top,train,7980
top,train,8030
top,train,8051
top,train,8056
top,train,8060
top,train,8063
top,train,8070
top,train,8088
top,train,8104
top,train,8105
top,train,8108
top,train,8136
top,train,8141
top,train,8158
top,train,8195
top,train,8197
top,train,8204
top,train,8217
top,train,8227
top,train,8245
top,train,8259
top,train,8263
top,train,8273
top,train,8281
top,train,8296
top,train,8314
top,train,8333
top,train,8363
top,train,8370
top,train,8379
top,train,8384
top,train,8417
top,train,8426
top,train,8427
top,train,8451
top,train,8455
top,train,8467
top,train,8491
top,train,8504
top,train,8522
top,train,8544
top,train,8590
top,train,8600
top,train,8601
top,train,8637
top,train,8648
top,train,8672
top,train,8689
top,train,8692
top,train,8697
top,train,8699
top,train,8716
top,train,8718
top,train,8729
top,train,8743
top,train,8756
top,train,8757
top,train,8780
top,train,8781
top,train,8789
top,train,8805
top,train,8822
top,train,8823
top,train,8850
top,train,8865
top,train,8885
top,train,8896
top,train,8923
top,train,8924
top,train,8945
top,train,8951
top,train,8977
top,train,8982
top,train,8990
top,train,8998
top,train,9007
top,train,9019
top,train,9027
top,train,9045
top,train,9049
top,train,9068
top,train,9098
top,train,9102
top,train,9127
top,train,9131
top,train,9134
top,train,9142
top,train,9157
top,train,9196
top,train,9197
top,train,9205
top,train,9208
top,train,9212
top,train,9221
top,train,9229
top,train,9248
top,train,9249
top,train,9257
top,train,9286
top,train,9294
top,train,9304
top,train,9308
top,train,9321
top,train,9334
top,train,9336
top,train,9340
top,train,9343
top,train,9345
top,train,9373
top,train,9374
top,train,9393
top,train,9403
top,train,9410
top,train,9437
top,train,9444
top,train,9448
top,train,9464
top,train,9468
top,train,9487
top,train,9516
top,train,9519
top,train,9523
top,train,9530
top,train,9534
top,train,9541
top,train,9571
top,train,9579
top,train,9684
top,train,9685
top,train,9696
top,train,9706
top,train,9715
top,train,9733
top,train,9742
top,train,9745
top,train,9769
top,train,9773
top,train,9775
top,train,9778
top,train,9805
top,train,9818
top,train,9841
top,train,9851
top,train,9861
top,train,9865
top,train,9868
top,train,9873
top,train,9882
top,train,9886
top,train,9890
top,train,9895
top,train,9910
top,train,9917
top,train,9930
top,train,9969
top,train,9981
top,train,9997
top,train,10007
top,train,10027
top,train,10075
top,train,10079
top,train,10080
top,train,10094
top,train,10113
top,train,10143
top,train,10159
top,train,10168
top,train,10191
top,train,10193
top,train,10214
top,train,10230
top,train,10280
top,train,10292
top,train,10300
top,train,10303
top,train,10309
top,train,10314
top,train,10351
top,train,10363
top,train,10368
top,train,10378
top,train,10388
top,train,10396
top,train,10412
top,train,10430
top,train,10439
top,train,10440
top,train,10451
top,train,10458
top,train,10463
top,train,10473
top,train,10494
top,train,10510
top,train,10552
top,train,10561
top,train,10568
top,train,10574
top,train,10620
top,train,10629
top,train,10630
top,train,10636
top,train,10647
top,train,10651
top,train,10655
top,train,10676
top,train,10682
top,train,10699
top,train,10725
top,train,10765
top,train,10768
top,train,10792
top,train,10827
top,train,10833
top,train,10838
top,train,10844
top,train,10856
top,train,10873
top,train,10920
top,train,10928
top,train,10948
top,train,10949
top,train,10972
top,train,10981
top,train,10984
top,train,10986
top,train,11003
top,train,11016
top,train,11021
top,train,11027
top,train,11031
top,train,11032
top,train,11036
top,train,11044
top,train,11046
top,train,11058
top,train,11131
top,train,11165
top,train,11176
top,train,11179
top,train,11181
top,train,11187
top,train,11219
top,train,11228
top,train,11231
top,train,11256
top,train,11267
top,train,11289
top,train,11292
top,train,11314
top,train,11327
top,train,11340
top,train,11373
top,train,11382
top,train,11416
top,train,11420
top,train,11422
top,train,11442
top,train,11443
top,train,11447
top,train,11448
top,train,11458
top,train,11460
top,train,11475
top,train,11478
top,train,11488
top,train,11511
top,train,11517
top,train,11522
top,train,11530
top,train,11534
top,train,11536
top,train,11537
top,train,11550
top,train,11567
top,train,11596
top,train,11611
top,train,11618
top,train,11626
top,train,11683
top,train,11689
top,train,11718
top,train,11733
top,train,11736
top,train,11744
top,train,11747
top,train,11752
top,train,11771
top,train,11779
top,train,11789
top,train,11797
top,train,11821
top,train,11863
top,train,11866
top,train,11884
top,train,11916
top,train,11937
top,train,11941
top,train,11942
top,train,11981
top,train,12003
top,train,12004
top,train,12018
top,train,12036
top,train,12074
top,train,12076
top,train,12079
top,train,12080
top,train,12081
top,train,12083
top,train,12116
top,train,12117
top,train,12141
top,train,12151
top,train,12152
top,train,12162
top,train,12169
top,train,12183
top,train,12185
top,train,12190
top,train,12205
top,train,12219
top,train,12224
top,train,12237
top,train,12240
top,train,12268
top,train,12272
top,train,12275
top,train,12277
top,train,12287
top,train,12311
top,train,12344
top,train,12349
top,train,12369
top,train,12379
top,train,12383
top,train,12385
top,train,12391
top,train,12397
top,train,12404
top,train,12410
top,train,12431
top,train,12444
top,train,12454
top,train,12466
top,train,12478
top,train,12482
top,train,12487
top,train,12489
top,train,12494
top,train,12497
top,train,12502
top,train,12532
top,train,12540
top,train,12550
top,train,12559
top,train,12560
top,train,12565
top,train,12574
top,train,12585
top,train,12613
top,train,12630
top,train,12634
top,train,12654
top,train,12667
top,train,12677
top,train,12679
top,train,12681
top,train,12683
top,train,12691
top,train,12692
top,train,12697
top,train,12702
top,train,12754
top,train,12765
top,train,12774
top,train,12775
top,train,12778
top,train,12786
top,train,12802
top,train,12816
top,train,12830
top,train,12877
top,train,12887
top,train,12893
pullover,train,5
pullover,train,7
pullover,train,27
pullover,train,45
pullover,train,53
pullover,train,65
pullover,train,124
pullover,train,125
pullover,train,135
pullover,train,147
pullover,train,159
pullover,train,197
pullover,train,199
pullover,train,218
pullover,train,228
pullover,train,231
pullover,train,234
pullover,train,253
pullover,train,260
pullover,train,262
pullover,train,266
pullover,train,271
pullover,train,273
pullover,train,276
pullover,train,281
pullover,train,328
pullover,train,350
pullover,train,405
pullover,train,416
pullover,train,422
pullover,train,440
pullover,train,462
pullover,train,483
pullover,train,484
pullover,train,490
pullover,train,501
pullover,train,505
pullover,train,507
pullover,train,544
pullover,train,545
pullover,train,546
pullover,train,566
pullover,train,574
pullover,train,580
pullover,train,584
pullover,train,616
pullover,train,617
pullover,train,637
pullover,train,638
pullover,train,664
pullover,train,684
pullover,train,696
pullover,train,707
pullover,train,742
pullover,train,749
pullover,train,755
pullover,train,767
pullover,train,793
pullover,train,846
pullover,train,855
pullover,train,883
pullover,train,891
pullover,train,900
pullover,train,931
pullover,train,934
pullover,train,939
pullover,train,955
pullover,train,973
pullover,train,981
pullover,train,985
pullover,train,1001
pullover,train,1002
pullover,train,1022
pullover,train,1054
pullover,train,1061
pullover,train,1068
pullover,train,1070
pullover,train,1072
pullover,train,1081
pullover,train,1100
pullover,train,1107
pullover,train,1109
pullover,train,1122
pullover,train,1124
pullover,train,1137
pullover,train,1174
pullover,train,1176
pullover,train,1178
pullover,train,1188
pullover,train,1197
pullover,train,1206
pullover,train,1215
pullover,train,1230
pullover,train,1244
pullover,train,1245
pullover,train,1252
pullover,train,1257
pullover,train,1260
pullover,train,1261
pullover,train,1263
pullover,train,1267
pullover,train,1275
pullover,train,1279
pullover,train,1292
pullover,train,1306
pullover,train,1319
pullover,train,1345
pullover,train,1358
pullover,train,1371
pullover,train,1372
pullover,train,1380
pullover,train,1386
pullover,train,1389
pullover,train,1393
pullover,train,1404
pullover,train,1409
pullover,train,1433
pullover,train,1440
pullover,train,1442
pullover,train,1452
pullover,train,1456
pullover,train,1492
pullover,train,1498
pullover,train,1515
pullover,train,1533
pullover,train,1545
pullover,train,1568
pullover,train,1586
pullover,train,1588
pullover,train,1595
pullover,train,1597
pullover,train,1606
pullover,train,1615
pullover,train,1633
pullover,train,1641
pullover,train,1649
pullover,train,1650
pullover,train,1651
pullover,train,1652
pullover,train,1666
pullover,train,1702
pullover,train,1721
pullover,train,1752
pullover,train,1760
pullover,train,1778
pullover,train,1789
pullover,train,1793
pullover,train,1808
pullover,train,1823
pullover,train,1834
pullover,train,1851
pullover,train,1854
pullover,train,1856
pullover,train,1864
pullover,train,1913
pullover,train,1918
pullover,train,1923
pullover,train,1928
pullover,train,1931
pullover,train,1951
pullover,train,1953
pullover,train,1968
pullover,train,1994
pullover,train,2008
pullover,train,2018
pullover,train,2025
pullover,train,2061
pullover,train,2065
pullover,train,2077
pullover,train,2086
pullover,train,2088
pullover,train,2116
pullover,train,2149
pullover,train,2154
pullover,train,2168
pullover,train,2170
pullover,train,2172
pullover,train,2173
pullover,train,2175
pullover,train,2192
pullover,train,2201
pullover,train,2211
pullover,train,2223
pullover,train,2239
pullover,train,2259
pullover,train,2276
pullover,train,2313
pullover,train,2329
pullover,train,2332
pullover,train,2340
pullover,train,2354
pullover,train,2371
pullover,train,2384
pullover,train,2397
pullover,train,2399
pullover,train,2414
pullover,train,2434
pullover,train,2440
pullover,train,2441
pullover,train,2476
pullover,train,2483
pullover,train,2488
pullover,train,2505
pullover,train,2548
pullover,train,2562
pullover,train,2575
pullover,train,2584
pullover,train,2595
pullover,train,2618
pullover,train,2620
pullover,train,2630
pullover,train,2649
pullover,train,2657
pullover,train,2678
pullover,train,2687
pullover,train,2732
pullover,train,2733
pullover,train,2754
pullover,train,2770
pullover,train,2783
pullover,train,2786
pullover,train,2812
pullover,train,2827
pullover,train,2830
pullover,train,2876
pullover,train,2888
pullover,train,2905
pullover,train,2909
pullover,train,2913
pullover,train,2929
pullover,train,2943
pullover,train,2958
pullover,train,2963
pullover,train,2997
pullover,train,3002
pullover,train,3004
pullover,train,3010
pullover,train,3017
pullover,train,3033
pullover,train,3063
pullover,train,3074
pullover,train,3091
pullover,train,3097
pullover,train,3105
pullover,train,3111
pullover,train,3113
pullover,train,3119
pullover,train,3124
pullover,train,3140
pullover,train,3143
pullover,train,3144
pullover,train,3151
pullover,train,3166
pullover,train,3167
pullover,train,3174
pullover,train,3214
pullover,train,3218
pullover,train,3226
pullover,train,3255
pullover,train,3265
pullover,train,3266
pullover,train,3271
pullover,train,3277
pullover,train,3288
pullover,train,3313
pullover,train,3374
pullover,train,3376
pullover,train,3388
pullover,train,3390
pullover,train,3391
pullover,train,3396
pullover,train,3404
pullover,train,3427
pullover,train,3451
pullover,train,3468
pullover,train,3501
pullover,train,3502
pullover,train,3509
pullover,train,3510
pullover,train,3518
pullover,train,3519
pullover,train,3525
pullover,train,3526
pullover,train,3542
pullover,train,3558
pullover,train,3566
pullover,train,3595
pullover,train,3598
pullover,train,3610
pullover,train,3611
pullover,train,3625
pullover,train,3628
pullover,train,3653
pullover,train,3671
pullover,train,3685
pullover,train,3694
pullover,train,3699
pullover,train,3704
pullover,train,3706
pullover,train,3710
pullover,train,3719
pullover,train,3730
pullover,train,3749
pullover,train,3750
pullover,train,3756
pullover,train,3757
pullover,train,3765
pullover,train,3774
pullover,train,3782
pullover,train,3787
pullover,train,3793
pullover,train,3797
pullover,train,3833
pullover,train,3841
pullover,train,3853
pullover,train,3856
pullover,train,3858
pullover,train,3882
pullover,train,3884
pullover,train,3902
pullover,train,3904
pullover,train,3912
pullover,train,3914
pullover,train,3917
pullover,train,3923
pullover,train,3928
pullover,train,3937
pullover,train,3950
pullover,train,3974
pullover,train,3978
pullover,train,4009
pullover,train,4020
pullover,train,4032
pullover,train,4067
pullover,train,4069
pullover,train,4084
pullover,train,4168
pullover,train,4169
pullover,train,4213
pullover,train,4216
pullover,train,4228
pullover,train,4239
pullover,train,4243
pullover,train,4244
pullover,train,4278
pullover,train,4287
pullover,train,4288
pullover,train,4291
pullover,train,4295
pullover,train,4307
pullover,train,4310
pullover,train,4316
pullover,train,4317
pullover,train,4323
pullover,train,4355
pullover,train,4367
pullover,train,4375
pullover,train,4391
pullover,train,4396
pullover,train,4405
pullover,train,4414
pullover,train,4415
pullover,train,4421
pullover,train,4443
pullover,train,4445
pullover,train,4450
pullover,train,4456
pullover,train,4466
pullover,train,4474
pullover,train,4480
pullover,train,4491
pullover,train,4494
pullover,train,4498
pullover,train,4509
pullover,train,4513
pullover,train,4522
pullover,train,4524
pullover,train,4556
pullover,train,4583
pullover,train,4599
pullover,train,4610
pullover,train,4618
pullover,train,4640
pullover,train,4649
pullover,train,4651
pullover,train,4655
pullover,train,4657
pullover,train,4677
pullover,train,4678
pullover,train,4720
pullover,train,4732
pullover,train,4758
pullover,train,4759
pullover,train,4772
pullover,train,4789
pullover,train,4808
pullover,train,4823
pullover,train,4831
pullover,train,4880
pullover,train,4888
pullover,train,4908
pullover,train,4959
pullover,train,4966
pullover,train,4967
pullover,train,4984
pullover,train,4985
pullover,train,4988
pullover,train,5027
pullover,train,5043
pullover,train,5049
pullover,train,5050
pullover,train,5081
pullover,train,5085
pullover,train,5110
pullover,train,5111
pullover,train,5116
pullover,train,5130
pullover,train,5136
pullover,train,5139
pullover,train,5150
pullover,train,5151
pullover,train,5153
pullover,train,5158
pullover,train,5161
pullover,train,5182
pullover,train,5206
pullover,train,5214
pullover,train,5215
pullover,train,5230
pullover,train,5263
pullover,train,5295
pullover,train,5297
pullover,train,5308
pullover,train,5311
pullover,train,5314
pullover,train,5324
pullover,train,5352
pullover,train,5354
pullover,train,5362
pullover,train,5364
pullover,train,5371
pullover,train,5372
pullover,train,5390
pullover,train,5393
pullover,train,5407
pullover,train,5413
pullover,train,5417
pullover,train,5423
pullover,train,5430
pullover,train,5449
pullover,train,5469
pullover,train,5476
pullover,train,5482
pullover,train,5486
pullover,train,5492
pullover,train,5493
pullover,train,5506
pullover,train,5507
pullover,train,5518
pullover,train,5554
pullover,train,5573
pullover,train,5593
pullover,train,5614
pullover,train,5635
pullover,train,5652
pullover,train,5672
pullover,train,5687
pullover,train,5698
pullover,train,5715
pullover,train,5717
pullover,train,5773
pullover,train,5815
pullover,train,5827
pullover,train,5837
pullover,train,5843
pullover,train,5864
pullover,train,5871
pullover,train,5875
pullover,train,5911
pullover,train,5917
pullover,train,5936
pullover,train,5954
pullover,train,5955
pullover,train,5962
pullover,train,5967
pullover,train,5983
pullover,train,5988
pullover,train,6051
pullover,train,6053
pullover,train,6058
pullover,train,6059
pullover,train,6087
pullover,train,6111
pullover,train,6114
pullover,train,6149
pullover,train,6151
pullover,train,6155
pullover,train,6157
pullover,train,6167
pullover,train,6169
pullover,train,6192
pullover,train,6194
pullover,train,6197
pullover,train,6231
pullover,train,6235
pullover,train,6267
pullover,train,6268
pullover,train,6271
pullover,train,6277
pullover,train,6280
pullover,train,6283
pullover,train,6293
pullover,train,6301
pullover,train,6315
pullover,train,6321
pullover,train,6323
pullover,train,6351
pullover,train,6357
pullover,train,6368
pullover,train,6381
pullover,train,6396
pullover,train,6431
pullover,train,6464
pullover,train,6475
pullover,train,6486
pullover,train,6493
pullover,train,6494
pullover,train,6515
pullover,train,6518
pullover,train,6529
pullover,train,6533
pullover,train,6546
pullover,train,6551
pullover,train,6596
pullover,train,6598
pullover,train,6620
pullover,train,6624
pullover,train,6645
pullover,train,6654
pullover,train,6658
pullover,train,6662
pullover,train,6679
pullover,train,6688
pullover,train,6709
pullover,train,6718
pullover,train,6722
pullover,train,6725
pullover,train,6762
pullover,train,6764
pullover,train,6765
pullover,train,6782
pullover,train,6783
pullover,train,6792
pullover,train,6802
pullover,train,6838
pullover,train,6848
pullover,train,6849
pullover,train,6852
pullover,train,6868
pullover,train,6874
pullover,train,6880
pullover,train,6881
pullover,train,6888
pullover,train,6889
pullover,train,6895
pullover,train,6901
pullover,train,6905
pullover,train,6910
pullover,train,6938
pullover,train,6960
pullover,train,6976
pullover,train,7025
pullover,train,7035
pullover,train,7047
pullover,train,7048
pullover,train,7098
pullover,train,7104
pullover,train,7108
pullover,train,7119
pullover,train,7132
pullover,train,7144
pullover,train,7147
pullover,train,7157
pullover,train,7198
pullover,train,7219
pullover,train,7246
pullover,train,7282
pullover,train,7285
pullover,train,7297
pullover,train,7347
pullover,train,7351
pullover,train,7372
pullover,train,7379
pullover,train,7381
pullover,train,7406
pullover,train,7409
pullover,train,7425
pullover,train,7427
pullover,train,7439
pullover,train,7440
pullover,train,7459
pullover,train,7466
pullover,train,7481
pullover,train,7483
pullover,train,7487
pullover,train,7503
pullover,train,7516
pullover,train,7522
pullover,train,7523
pullover,train,7524
pullover,train,7531
pullover,train,7533
pullover,train,7537
pullover,train,7543
pullover,train,7569
pullover,train,7570
pullover,train,7574
pullover,train,7579
pullover,train,7582
pullover,train,7590
pullover,train,7597
pullover,train,7611
pullover,train,7618
pullover,train,7619
pullover,train,7629
pullover,train,7647
pullover,train,7654
pullover,train,7656
pullover,train,7666
pullover,train,7670
pullover,train,7681
pullover,train,7708
pullover,train,7710
pullover,train,7762
pullover,train,7764
pullover,train,7765
pullover,train,7810
pullover,train,7837
pullover,train,7845
pullover,train,7851
pullover,train,7854
pullover,train,7864
pullover,train,7867
pullover,train,7872
pullover,train,7873
pullover,train,7883
pullover,train,7908
pullover,train,7930
pullover,train,7972
pullover,train,7978
pullover,train,7988
pullover,train,8006
pullover,train,8012
pullover,train,8023
pullover,train,8072
pullover,train,8092
pullover,train,8146
pullover,train,8153
pullover,train,8156
pullover,train,8168
pullover,train,8173
pullover,train,8177
pullover,train,8179
pullover,train,8196
pullover,train,8211
pullover,train,8220
pullover,train,8221
pullover,train,8235
pullover,train,8237
pullover,train,8246
pullover,train,8270
pullover,train,8271
pullover,train,8277
pullover,train,8283
pullover,train,8300
pullover,train,8316
pullover,train,8319
pullover,train,8334
pullover,train,8335
pullover,train,8336
pullover,train,8338
pullover,train,8347
pullover,train,8349
pullover,train,8357
pullover,train,8364
pullover,train,8372
pullover,train,8387
pullover,train,8400
pullover,train,8402
pullover,train,8405
pullover,train,8414
pullover,train,8415
pullover,train,8460
pullover,train,8479
pullover,train,8496
pullover,train,8511
pullover,train,8523
pullover,train,8553
pullover,train,8557
pullover,train,8558
pullover,train,8572
pullover,train,8576
pullover,train,8587
pullover,train,8588
pullover,train,8593
pullover,train,8596
pullover,train,8603
pullover,train,8622
pullover,train,8635
pullover,train,8641
pullover,train,8659
pullover,train,8662
pullover,train,8671
pullover,train,8693
pullover,train,8736
pullover,train,8744
pullover,train,8751
pullover,train,8755
pullover,train,8763
pullover,train,8764
pullover,train,8773
pullover,train,8775
pullover,train,8811
pullover,train,8828
pullover,train,8832
pullover,train,8841
pullover,train,8863
pullover,train,8913
pullover,train,8922
pullover,train,8935
pullover,train,8943
pullover,train,8972
pullover,train,8973
pullover,train,8987
pullover,train,9013
pullover,train,9014
pullover,train,9028
pullover,train,9052
pullover,train,9073
pullover,train,9076
pullover,train,9083
pullover,train,9087
pullover,train,9088
pullover,train,9119
pullover,train,9132
pullover,train,9144
pullover,train,9166
pullover,train,9170
pullover,train,9171
pullover,train,9199
pullover,train,9226
pullover,train,9262
pullover,train,9264
pullover,train,9267
pullover,train,9272
pullover,train,9305
pullover,train,9309
pullover,train,9314
pullover,train,9328
pullover,train,9338
pullover,train,9346
pullover,train,9354
pullover,train,9367
pullover,train,9394
pullover,train,9395
pullover,train,9397
pullover,train,9402
pullover,train,9405
pullover,train,9408
pullover,train,9436
pullover,train,9447
pullover,train,9459
pullover,train,9460
pullover,train,9480
pullover,train,9484
pullover,train,9489
pullover,train,9491
pullover,train,9495
pullover,train,9503
pullover,train,9514
pullover,train,9533
pullover,train,9545
pullover,train,9547
pullover,train,9552
pullover,train,9553
pullover,train,9556
pullover,train,9563
pullover,train,9566
pullover,train,9570
pullover,train,9594
pullover,train,9611
pullover,train,9651
pullover,train,9661
pullover,train,9662
pullover,train,9664
pullover,train,9665
pullover,train,9674
pullover,train,9707
pullover,train,9721
pullover,train,9739
pullover,train,9756
pullover,train,9781
pullover,train,9794
pullover,train,9799
pullover,train,9810
pullover,train,9812
pullover,train,9816
pullover,train,9817
pullover,train,9891
pullover,train,9893
pullover,train,9894
pullover,train,9902
pullover,train,9907
pullover,train,9913
pullover,train,9932
pullover,train,9942
pullover,train,9946
pullover,train,9952
pullover,train,9955
pullover,train,9967
pullover,train,9968
pullover,train,10021
pullover,train,10029
pullover,train,10034
pullover,train,10035
pullover,train,10042
pullover,train,10069
pullover,train,10077
pullover,train,10118
pullover,train,10124
pullover,train,10141
pullover,train,10147
pullover,train,10156
pullover,train,10211
pullover,train,10215
pullover,train,10244
pullover,train,10253
pullover,train,10261
pullover,train,10275
pullover,train,10282
pullover,train,10286
pullover,train,10320
pullover,train,10324
pullover,train,10346
pullover,train,10347
pullover,train,10372
pullover,train,10373
pullover,train,10401
pullover,train,10408
pullover,train,10413
pullover,train,10443
pullover,train,10449
pullover,train,10450
pullover,train,10462
pullover,train,10481
pullover,train,10490
pullover,train,10518
pullover,train,10523
pullover,train,10563
pullover,train,10564
pullover,train,10570
pullover,train,10598
pullover,train,10607
pullover,train,10615
pullover,train,10618
pullover,train,10628
pullover,train,10638
pullover,train,10654
pullover,train,10690
pullover,train,10696
pullover,train,10713
pullover,train,10719
pullover,train,10735
pullover,train,10762
pullover,train,10766
pullover,train,10775
pullover,train,10785
pullover,train,10818
pullover,train,10828
pullover,train,10834
pullover,train,10835
pullover,train,10876
pullover,train,10877
pullover,train,10885
pullover,train,10894
pullover,train,10898
pullover,train,10899
pullover,train,10932
pullover,train,10939
pullover,train,10946
pullover,train,10962
pullover,train,10965
pullover,train,10985
pullover,train,10997
pullover,train,11001
pullover,train,11015
pullover,train,11037
pullover,train,11051
pullover,train,11055
pullover,train,11102
pullover,train,11112
pullover,train,11124
pullover,train,11130
pullover,train,11150
pullover,train,11167
pullover,train,11170
pullover,train,11194
pullover,train,11225
pullover,train,11249
pullover,train,11274
pullover,train,11288
pullover,train,11306
pullover,train,11310
pullover,train,11353
pullover,train,11356
pullover,train,11360
pullover,train,11364
pullover,train,11370
pullover,train,11383
pullover,train,11384
pullover,train,11450
pullover,train,11452
pullover,train,11462
pullover,train,11483
pullover,train,11523
pullover,train,11583
pullover,train,11589
pullover,train,11592
pullover,train,11598
pullover,train,11608
pullover,train,11613
pullover,train,11615
pullover,train,11616
pullover,train,11642
pullover,train,11653
pullover,train,11659
pullover,train,11677
pullover,train,11681
pullover,train,11700
pullover,train,11710
pullover,train,11715
pullover,train,11723
pullover,train,11730
pullover,train,11741
pullover,train,11746
pullover,train,11748
pullover,train,11758
pullover,train,11767
pullover,train,11770
pullover,train,11805
pullover,train,11811
pullover,train,11814
pullover,train,11815
pullover,train,11824
pullover,train,11833
pullover,train,11867
pullover,train,11868
pullover,train,11885
pullover,train,11889
pullover,train,11906
pullover,train,11909
pullover,train,11915
pullover,train,11950
pullover,train,11962
pullover,train,11967
pullover,train,12011
pullover,train,12013
pullover,train,12023
pullover,train,12034
pullover,train,12040
pullover,train,12044
pullover,train,12067
pullover,train,12068
pullover,train,12073
pullover,train,12075
pullover,train,12101
pullover,train,12110
pullover,train,12120
pullover,train,12124
pullover,train,12130
pullover,train,12137
pullover,train,12138
pullover,train,12142
pullover,train,12164
pullover,train,12174
pullover,train,12188
pullover,train,12195
pullover,train,12199
pullover,train,12234
pullover,train,12242
pullover,train,12279
pullover,train,12283
pullover,train,12299
pullover,train,12300
pullover,train,12312
pullover,train,12315
pullover,train,12328
pullover,train,12333
pullover,train,12365
pullover,train,12366
shirt,train,18
shirt,train,32
shirt,train,39
shirt,train,40
shirt,train,55
shirt,train,56
shirt,train,72
shirt,train,77
shirt,train,95
shirt,train,104
shirt,train,112
shirt,train,113
shirt,train,118
shirt,train,127
shirt,train,140
shirt,train,157
shirt,train,164
shirt,train,168
shirt,train,184
shirt,train,203
shirt,train,206
shirt,train,226
shirt,train,232
shirt,train,235
shirt,train,245
shirt,train,252
shirt,train,297
shirt,train,301
shirt,train,306
shirt,train,309
shirt,train,314
shirt,train,316
shirt,train,344
shirt,train,353
shirt,train,361
shirt,train,368
shirt,train,380
shirt,train,402
shirt,train,410
shirt,train,470
shirt,train,480
shirt,train,495
shirt,train,499
shirt,train,502
shirt,train,506
shirt,train,523
shirt,train,526
shirt,train,527
shirt,train,543
shirt,train,549
shirt,train,560
shirt,train,585
shirt,train,586
shirt,train,590
shirt,train,623
shirt,train,688
shirt,train,737
shirt,train,748
shirt,train,766
shirt,train,773
shirt,train,776
shirt,train,779
shirt,train,786
shirt,train,797
shirt,train,809
shirt,train,820
shirt,train,838
shirt,train,861
shirt,train,875
shirt,train,881
shirt,train,882
shirt,train,895
shirt,train,903
shirt,train,906
shirt,train,925
shirt,train,940
shirt,train,945
shirt,train,949
shirt,train,960
shirt,train,970
shirt,train,982
shirt,train,1003
shirt,train,1009
shirt,train,1014
shirt,train,1078
shirt,train,1087
shirt,train,1091
shirt,train,1092
shirt,train,1096
shirt,train,1101
shirt,train,1112
shirt,train,1119
shirt,train,1142
shirt,train,1144
shirt,train,1147
shirt,train,1156
shirt,train,1165
shirt,train,1172
shirt,train,1200
shirt,train,1216
shirt,train,1233
shirt,train,1251
shirt,train,1266
shirt,train,1277
shirt,train,1287
shirt,train,1343
shirt,train,1346
shirt,train,1366
shirt,train,1373
shirt,train,1375
shirt,train,1388
shirt,train,1391
shirt,train,1415
shirt,train,1419
shirt,train,1438
shirt,train,1472
shirt,train,1494
shirt,train,1495
shirt,train,1512
shirt,train,1520
shirt,train,1521
shirt,train,1562
shirt,train,1585
shirt,train,1593
shirt,train,1626
shirt,train,1642
shirt,train,1645
shirt,train,1661
shirt,train,1684
shirt,train,1718
shirt,train,1722
shirt,train,1732
shirt,train,1739
shirt,train,1745
shirt,train,1756
shirt,train,1779
shirt,train,1790
shirt,train,1794
shirt,train,1796
shirt,train,1813
shirt,train,1818
shirt,train,1830
shirt,train,1836
shirt,train,1849
shirt,train,1862
shirt,train,1863
shirt,train,1904
shirt,train,1932
shirt,train,1935
shirt,train,1938
shirt,train,1969
shirt,train,1976
shirt,train,1979
shirt,train,1992
shirt,train,2012
shirt,train,2021
shirt,train,2037
shirt,train,2078
shirt,train,2079
shirt,train,2083
shirt,train,2085
shirt,train,2112
shirt,train,2115
shirt,train,2122
shirt,train,2131
shirt,train,2144
shirt,train,2199
shirt,train,2202
shirt,train,2214
shirt,train,2215
shirt,train,2222
shirt,train,2243
shirt,train,2248
shirt,train,2260
shirt,train,2267
shirt,train,2304
shirt,train,2319
shirt,train,2352
shirt,train,2394
shirt,train,2400
shirt,train,2409
shirt,train,2433
shirt,train,2446
shirt,train,2466
shirt,train,2492
shirt,train,2507
shirt,train,2560
shirt,train,2579
shirt,train,2600
shirt,train,2611
shirt,train,2619
shirt,train,2635
shirt,train,2646
shirt,train,2650
shirt,train,2655
shirt,train,2658
shirt,train,2660
shirt,train,2663
shirt,train,2672
shirt,train,2708
shirt,train,2716
shirt,train,2719
shirt,train,2748
shirt,train,2757
shirt,train,2774
shirt,train,2775
shirt,train,2798
shirt,train,2811
shirt,train,2814
shirt,train,2839
shirt,train,2843
shirt,train,2847
shirt,train,2850
shirt,train,2855
shirt,train,2862
shirt,train,2863
shirt,train,2889
shirt,train,2893
shirt,train,2894
shirt,train,2900
shirt,train,2920
shirt,train,2934
shirt,train,2940
shirt,train,2942
shirt,train,2951
shirt,train,2953
shirt,train,2964
shirt,train,2977
shirt,train,2980
shirt,train,2987
shirt,train,3000
shirt,train,3024
shirt,train,3028
shirt,train,3037
shirt,train,3042
shirt,train,3043
shirt,train,3077
shirt,train,3087
shirt,train,3132
shirt,train,3157
shirt,train,3175
shirt,train,3191
shirt,train,3202
shirt,train,3204
shirt,train,3225
shirt,train,3234
shirt,train,3238
shirt,train,3240
shirt,train,3264
shirt,train,3267
shirt,train,3270
shirt,train,3293
shirt,train,3294
shirt,train,3298
shirt,train,3331
shirt,train,3336
shirt,train,3356
shirt,train,3357
shirt,train,3366
shirt,train,3371
shirt,train,3398
shirt,train,3413
shirt,train,3424
shirt,train,3428
shirt,train,3439
shirt,train,3447
shirt,train,3453
shirt,train,3454
shirt,train,3456
shirt,train,3480
shirt,train,3529
shirt,train,3530
shirt,train,3533
shirt,train,3554
shirt,train,3576
shirt,train,3581
shirt,train,3585
shirt,train,3589
shirt,train,3600
shirt,train,3626
shirt,train,3639
shirt,train,3642
shirt,train,3645
shirt,train,3648
shirt,train,3650
shirt,train,3654
shirt,train,3656
shirt,train,3657
shirt,train,3697
shirt,train,3725
shirt,train,3728
shirt,train,3731
shirt,train,3747
shirt,train,3776
shirt,train,3786
shirt,train,3808
shirt,train,3849
shirt,train,3871
shirt,train,3875
shirt,train,3887
shirt,train,3925
shirt,train,3938
shirt,train,3942
shirt,train,3944
shirt,train,3945
shirt,train,3946
shirt,train,3951
shirt,train,3972
shirt,train,3987
shirt,train,4015
shirt,train,4023
shirt,train,4027
shirt,train,4028
shirt,train,4031
shirt,train,4033
shirt,train,4046
shirt,train,4051
shirt,train,4078
shirt,train,4094
shirt,train,4095
shirt,train,4131
shirt,train,4150
shirt,train,4158
shirt,train,4176
shirt,train,4179
shirt,train,4208
shirt,train,4219
shirt,train,4225
shirt,train,4251
shirt,train,4257
shirt,train,4290
shirt,train,4321
shirt,train,4331
shirt,train,4332
shirt,train,4337
shirt,train,4351
shirt,train,4360
shirt,train,4382
shirt,train,4398
shirt,train,4416
shirt,train,4422
shirt,train,4451
shirt,train,4464
shirt,train,4468
shirt,train,4473
shirt,train,4478
shirt,train,4506
shirt,train,4515
shirt,train,4517
shirt,train,4531
shirt,train,4543
shirt,train,4598
shirt,train,4615
shirt,train,4624
shirt,train,4638
shirt,train,4662
shirt,train,4696
shirt,train,4699
shirt,train,4702
shirt,train,4710
shirt,train,4715
shirt,train,4742
shirt,train,4750
shirt,train,4762
shirt,train,4776
shirt,train,4778
shirt,train,4787
shirt,train,4793
shirt,train,4795
shirt,train,4814
shirt,train,4848
shirt,train,4859
shirt,train,4882
shirt,train,4892
shirt,train,4903
shirt,train,4922
shirt,train,4930
shirt,train,4935
shirt,train,4944
shirt,train,4952
shirt,train,4965
shirt,train,4975
shirt,train,4994
shirt,train,4996
shirt,train,5013
shirt,train,5015
shirt,train,5041
shirt,train,5054
shirt,train,5055
shirt,train,5068
shirt,train,5118
shirt,train,5123
shirt,train,5135
shirt,train,5140
shirt,train,5144
shirt,train,5146
shirt,train,5147
shirt,train,5152
shirt,train,5154
shirt,train,5165
shirt,train,5167
shirt,train,5170
shirt,train,5176
shirt,train,5189
shirt,train,5219
shirt,train,5222
shirt,train,5227
shirt,train,5229
shirt,train,5262
shirt,train,5284
shirt,train,5301
shirt,train,5318
shirt,train,5319
shirt,train,5347
shirt,train,5409
shirt,train,5416
shirt,train,5425
shirt,train,5442
shirt,train,5453
shirt,train,5463
shirt,train,5472
shirt,train,5491
shirt,train,5505
shirt,train,5524
shirt,train,5528
shirt,train,5564
shirt,train,5578
shirt,train,5590
shirt,train,5598
shirt,train,5622
shirt,train,5626
shirt,train,5630
shirt,train,5639
shirt,train,5644
shirt,train,5649
shirt,train,5668
shirt,train,5679
shirt,train,5692
shirt,train,5705
shirt,train,5712
shirt,train,5714
shirt,train,5739
shirt,train,5748
shirt,train,5764
shirt,train,5767
shirt,train,5779
shirt,train,5790
shirt,train,5791
shirt,train,5795
shirt,train,5804
shirt,train,5833
shirt,train,5835
shirt,train,5836
shirt,train,5853
shirt,train,5861
shirt,train,5908
shirt,train,5925
shirt,train,5946
shirt,train,5961
shirt,train,5963
shirt,train,5980
shirt,train,6001
shirt,train,6004
shirt,train,6021
shirt,train,6046
shirt,train,6047
shirt,train,6061
shirt,train,6063
shirt,train,6072
shirt,train,6082
shirt,train,6088
shirt,train,6090
shirt,train,6110
shirt,train,6120
shirt,train,6126
shirt,train,6139
shirt,train,6150
shirt,train,6172
shirt,train,6211
shirt,train,6215
shirt,train,6219
shirt,train,6221
shirt,train,6234
shirt,train,6246
shirt,train,6281
shirt,train,6306
shirt,train,6355
shirt,train,6377
shirt,train,6378
shirt,train,6385
shirt,train,6414
shirt,train,6415
shirt,train,6420
shirt,train,6439
shirt,train,6449
shirt,train,6466
shirt,train,6471
shirt,train,6472
shirt,train,6474
shirt,train,6480
shirt,train,6492
shirt,train,6496
shirt,train,6508
shirt,train,6526
shirt,train,6535
shirt,train,6603
shirt,train,6621
shirt,train,6622
shirt,train,6625
shirt,train,6632
shirt,train,6638
shirt,train,6643
shirt,train,6655
shirt,train,6664
shirt,train,6670
shirt,train,6674
shirt,train,6702
shirt,train,6721
shirt,train,6741
shirt,train,6760
shirt,train,6761
shirt,train,6784
shirt,train,6793
shirt,train,6860
shirt,train,6861
shirt,train,6866
shirt,train,6878
shirt,train,6898
shirt,train,6921
shirt,train,6935
shirt,train,6939
shirt,train,6942
shirt,train,6943
shirt,train,6955
shirt,train,6970
shirt,train,6973
shirt,train,6985
shirt,train,7007
shirt,train,7015
shirt,train,7016
shirt,train,7019
shirt,train,7041
shirt,train,7046
shirt,train,7094
shirt,train,7097
shirt,train,7103
shirt,train,7111
shirt,train,7121
shirt,train,7142
shirt,train,7143
shirt,train,7165
shirt,train,7181
shirt,train,7190
shirt,train,7191
shirt,train,7208
shirt,train,7209
shirt,train,7210
shirt,train,7211
shirt,train,7231
shirt,train,7233
shirt,train,7255
shirt,train,7264
shirt,train,7267
shirt,train,7284
shirt,train,7295
shirt,train,7305
shirt,train,7309
shirt,train,7345
shirt,train,7348
shirt,train,7357
shirt,train,7366
shirt,train,7383
shirt,train,7393
shirt,train,7397
shirt,train,7400
shirt,train,7411
shirt,train,7417
shirt,train,7419
shirt,train,7422
shirt,train,7423
shirt,train,7430
shirt,train,7470
shirt,train,7475
shirt,train,7490
shirt,train,7508
shirt,train,7512
shirt,train,7514
shirt,train,7525
shirt,train,7545
shirt,train,7550
shirt,train,7556
shirt,train,7564
shirt,train,7583
shirt,train,7603
shirt,train,7604
shirt,train,7608
shirt,train,7609
shirt,train,7613
shirt,train,7636
shirt,train,7645
shirt,train,7649
shirt,train,7677
shirt,train,7679
shirt,train,7683
shirt,train,7701
shirt,train,7704
shirt,train,7721
shirt,train,7735
shirt,train,7743
shirt,train,7748
shirt,train,7751
shirt,train,7770
shirt,train,7807
shirt,train,7816
shirt,train,7826
shirt,train,7830
shirt,train,7869
shirt,train,7887
shirt,train,7888
shirt,train,7898
shirt,train,7899
shirt,train,7903
shirt,train,7909
shirt,train,7926
shirt,train,7928
shirt,train,7929
shirt,train,7969
shirt,train,7976
shirt,train,7985
shirt,train,8008
shirt,train,8011
shirt,train,8019
shirt,train,8024
shirt,train,8035
shirt,train,8036
shirt,train,8040
shirt,train,8041
shirt,train,8043
shirt,train,8049
shirt,train,8089
shirt,train,8096
shirt,train,8113
shirt,train,8127
shirt,train,8131
shirt,train,8132
shirt,train,8144
shirt,train,8150
shirt,train,8163
shirt,train,8191
shirt,train,8192
shirt,train,8203
shirt,train,8209
shirt,train,8215
shirt,train,8224
shirt,train,8233
shirt,train,8251
shirt,train,8252
shirt,train,8266
shirt,train,8284
shirt,train,8298
shirt,train,8302
shirt,train,8322
shirt,train,8327
shirt,train,8330
shirt,train,8373
shirt,train,8391
shirt,train,8393
shirt,train,8397
shirt,train,8404
shirt,train,8406
shirt,train,8410
shirt,train,8436
shirt,train,8441
shirt,train,8471
shirt,train,8520
shirt,train,8540
shirt,train,8545
shirt,train,8567
shirt,train,8614
shirt,train,8618
shirt,train,8630
shirt,train,8636
shirt,train,8652
shirt,train,8703
shirt,train,8704
shirt,train,8706
shirt,train,8709
shirt,train,8717
shirt,train,8735
shirt,train,8750
shirt,train,8770
shirt,train,8779
shirt,train,8795
shirt,train,8806
shirt,train,8807
shirt,train,8812
shirt,train,8857
shirt,train,8860
shirt,train,8862
shirt,train,8869
shirt,train,8886
shirt,train,8888
shirt,train,8908
shirt,train,8910
shirt,train,8911
shirt,train,8912
shirt,train,8933
shirt,train,8948
shirt,train,8962
shirt,train,8975
shirt,train,8978
shirt,train,8992
shirt,train,9002
shirt,train,9006
shirt,train,9024
shirt,train,9037
shirt,train,9039
shirt,train,9042
shirt,train,9059
shirt,train,9064
shirt,train,9082
shirt,train,9089
shirt,train,9091
shirt,train,9108
shirt,train,9110
shirt,train,9112
shirt,train,9178
shirt,train,9200
shirt,train,9224
shirt,train,9225
shirt,train,9260
shirt,train,9266
shirt,train,9269
shirt,train,9274
shirt,train,9276
shirt,train,9285
shirt,train,9327
shirt,train,9347
shirt,train,9363
shirt,train,9370
shirt,train,9388
shirt,train,9413
shirt,train,9419
shirt,train,9425
shirt,train,9430
shirt,train,9455
shirt,train,9463
shirt,train,9472
shirt,train,9478
shirt,train,9488
shirt,train,9493
shirt,train,9502
shirt,train,9532
shirt,train,9539
shirt,train,9597
shirt,train,9616
shirt,train,9621
shirt,train,9623
shirt,train,9626
shirt,train,9649
shirt,train,9652
shirt,train,9656
shirt,train,9660
shirt,train,9666
shirt,train,9688
shirt,train,9710
shirt,train,9711
shirt,train,9713
shirt,train,9724
shirt,train,9753
shirt,train,9764
shirt,train,9766
shirt,train,9796
shirt,train,9798
shirt,train,9811
shirt,train,9826
shirt,train,9835
shirt,train,9836
shirt,train,9849
shirt,train,9853
shirt,train,9860
shirt,train,9876
shirt,train,9905
shirt,train,9919
shirt,train,9938
shirt,train,9939
shirt,train,9940
shirt,train,9950
shirt,train,9954
shirt,train,9956
shirt,train,9964
shirt,train,9970
shirt,train,9972
shirt,train,9978
shirt,train,9998
shirt,train,9999
shirt,train,10045
shirt,train,10047
shirt,train,10048
shirt,train,10062
shirt,train,10076
shirt,train,10086
shirt,train,10097
shirt,train,10103
shirt,train,10106
shirt,train,10122
shirt,train,10127
shirt,train,10131
shirt,train,10157
shirt,train,10163
shirt,train,10166
shirt,train,10172
shirt,train,10195
shirt,train,10199
shirt,train,10201
shirt,train,10206
shirt,train,10210
shirt,train,10221
shirt,train,10225
shirt,train,10243
shirt,train,10276
shirt,train,10306
shirt,train,10315
shirt,train,10338
shirt,train,10353
shirt,train,10354
shirt,train,10361
shirt,train,10385
shirt,train,10402
shirt,train,10416
shirt,train,10434
shirt,train,10436
shirt,train,10461
shirt,train,10472
shirt,train,10480
shirt,train,10511
shirt,train,10560
shirt,train,10587
shirt,train,10609
shirt,train,10611
shirt,train,10621
shirt,train,10622
shirt,train,10633
shirt,train,10653
shirt,train,10694
shirt,train,10701
shirt,train,10705
shirt,train,10714
shirt,train,10728
shirt,train,10733
shirt,train,10751
shirt,train,10759
shirt,train,10769
shirt,train,10771
shirt,train,10773
shirt,train,10782
shirt,train,10795
shirt,train,10801
shirt,train,10813
shirt,train,10829
shirt,train,10831
shirt,train,10837
shirt,train,10875
shirt,train,10887
shirt,train,10888
shirt,train,10914
shirt,train,10916
shirt,train,10926
shirt,train,10927
shirt,train,10931
shirt,train,10975
shirt,train,10976
shirt,train,10991
shirt,train,10993
shirt,train,10995
shirt,train,11007
shirt,train,11019
shirt,train,11022
shirt,train,11038
shirt,train,11050
shirt,train,11061
shirt,train,11063
shirt,train,11072
shirt,train,11074
shirt,train,11081
shirt,train,11086
shirt,train,11093
shirt,train,11104
shirt,train,11140
shirt,train,11152
shirt,train,11156
shirt,train,11159
shirt,train,11164
shirt,train,11202
shirt,train,11209
shirt,train,11247
shirt,train,11252
shirt,train,11259
shirt,train,11260
shirt,train,11294
shirt,train,11299
shirt,train,11303
shirt,train,11309
shirt,train,11313
shirt,train,11342
shirt,train,11388
shirt,train,11392
shirt,train,11394
shirt,train,11417
shirt,train,11431
shirt,train,11435
shirt,train,11441
shirt,train,11449
shirt,train,11463
shirt,train,11469
shirt,train,11472
shirt,train,11480
shirt,train,11513
shirt,train,11516
shirt,train,11527
shirt,train,11544
shirt,train,11554
shirt,train,11561
shirt,train,11572
shirt,train,11610
shirt,train,11624
shirt,train,11625
shirt,train,11631
shirt,train,11633
shirt,train,11645
shirt,train,11651
shirt,train,11654
shirt,train,11661
shirt,train,11684
shirt,train,11695
shirt,train,11697
shirt,train,11698
shirt,train,11719
shirt,train,11738
shirt,train,11749
shirt,train,11750
shirt,train,11764
shirt,train,11778
shirt,train,11796
shirt,train,11823
shirt,train,11836
shirt,train,11839
shirt,train,11865
shirt,train,11869
shirt,train,11873
shirt,train,11877
shirt,train,11881
shirt,train,11897
shirt,train,11901
shirt,train,11923
shirt,train,11927
shirt,train,11928
shirt,train,11932
shirt,train,11939
shirt,train,11948
shirt,train,11951
shirt,train,11965
shirt,train,11977
shirt,train,11978
shirt,train,11980
shirt,train,11991
shirt,train,12000
shirt,train,12012
shirt,train,12025
shirt,train,12035
shirt,train,12048
shirt,train,12064
shirt,train,12090
shirt,train,12094
shirt,train,12095
shirt,train,12097
shirt,train,12098
shirt,train,12122
shirt,train,12127
shirt,train,12129
shirt,train,12132
shirt,train,12136
shirt,train,12153
shirt,train,12156
shirt,train,12173
shirt,train,12175
shirt,train,12193
shirt,train,12204
shirt,train,12228
shirt,train,12231
shirt,train,12232
shirt,train,12247
shirt,train,12264
shirt,train,12292
shirt,train,12294
shirt,train,12308
shirt,train,12330
shirt,train,12360
shirt,train,12361
shirt,train,12371
